/blog/healthy-snacking-when-fruits-and-vegetables-become-everyday-stars,/resources/healthy-snacking-when-fruits-and-vegetables-become-everyday-stars
/blog/fruit-vegetables-finally-a-clear-guide-to-your-tools,/resources/fruit-vegetables-finally-a-clear-guide-to-your-tools
/blog/why-tomatoes-dont-grow-everywhere-at-the-same-time---and-why-that-changes-everything-for-industry-professionals,/resources/why-tomatoes-dont-grow-everywhere-at-the-same-time---and-why-that-changes-everything-for-industry-professionals
/blog/plastic-in-the-fruit-and-vegetable-supply-chain,/resources/plastic-in-the-fruit-and-vegetable-supply-chain
/blog/customer-voice-coast-tropical,/customer-stories/coast-tropical-order-automation
/blog/use-case-lagadec,/customer-stories/lagadec-primeurs-customer-communication
/blog/non-standard-products-a-wasted-source-of-value,/resources/non-standard-products-a-wasted-source-of-value
/blog/what-are-the-industry-trends-for-2025,/resources/what-are-the-industry-trends-for-2025
/blog/how-sourcing-is-key-to-the-success-of-the-fruit-veg-department,/resources/how-sourcing-is-key-to-the-success-of-the-fruit-veg-department
/blog/sales-still-often-involve-a-lot-of-communication-and-it-all-takes-time,/resources/sales-still-often-involve-a-lot-of-communication-and-it-all-takes-time
/blog/third-competition-for-the-most-beautiful-fruit-vegetable-shelf,/resources/third-competition-for-the-most-beautiful-fruit-vegetable-shelf
/blog/digital-transformation-more-than-a-trend-a-priority,/resources/digital-transformation-more-than-a-trend-a-priority
/blog/in-2023-consentio-enjoyed-many-successes-and-learnt-some-valuable-lessons-too-paving-the-way-for-a-promising-future,/resources/in-2023-consentio-enjoyed-many-successes-and-learnt-some-valuable-lessons-too-paving-the-way-for-a-promising-future
/blog/business-digitalization-why-outsource,/resources/business-digitalization-why-outsource
/blog/digitalization-at-the-heart-of-company-strategy,/resources/digitalization-at-the-heart-of-company-strategy
/blog/embracing-digitalization-means-valuing-people,/resources/embracing-digitalization-means-valuing-people
/blog/consentio-achieved-the-iso-27001-certification,/resources/consentio-achieved-the-iso-27001-certification
/blog/behind-the-screen-at-consentio,/resources/behind-the-screen-at-consentio
/blog/fruits-vegetables-packaging-and-regulations,/resources/fruits-vegetables-packaging-and-regulations
/blog/selling-a-digital-solution-means-helping-our-customers-to-manage-change,/resources/selling-a-digital-solution-means-helping-our-customers-to-manage-change
/blog/online-buying-and-selling-of-fresh-produce-aims-to-reduce-food-waste,/resources/online-buying-and-selling-of-fresh-produce-aims-to-reduce-food-waste
/blog/why-take-an-interest-in-sustainability-data,/resources/why-take-an-interest-in-sustainability-data
/blog/climate-and-resilience-working-for-the-future-ofagriculture,/resources/climate-and-resilience-working-for-the-future-ofagriculture
/blog/food-waste-the-big-deal,/resources/food-waste-the-big-deal
/blog/the-people-behind-consentio,/resources/the-people-behind-consentio
/blog/fresh-produce-supply-chains-why-automate,/resources/fresh-produce-supply-chains-why-automate
/blog/the-important-role-of-the-department-manager,/resources/the-important-role-of-the-department-manager
/blog/ensuring-business-continuity-the-importance-of-technological-solutions,/resources/consentio-achieved-the-iso-27001-certification
/blog/thirsty-crops-how-the-global-water-shortage-is-changing-the-food-value-chain,/resources/climate-and-resilience-working-for-the-future-ofagriculture
/blog/eyeing-the-future-of-the-global-food-waste-problem,/resources/food-waste-the-big-deal
/blog/innovation-in-fruits-and-vegetables,/resources/digital-agriculture-and-innovation
/blog/modern-problems-need-modern-solutions-for-fresh-produce-growers,/resources/fresh-produce-supply-chains-why-automate
/blog/sustainable-agricultural-practices-horticultural-grafting,/resources/climate-and-resilience-working-for-the-future-ofagriculture
/blog/what-is-sustainable-agriculture,/resources/climate-and-resilience-working-for-the-future-ofagriculture
/blog/distinct-opportunities-only-found-food-supply-chain,/resources/fresh-food-supply-chain-challenges
/blog/environmental-impact-digitization-sustainability-along-fresh-produce-supply-chain,/resources/why-take-an-interest-in-sustainability-data
/blog/demands-consumers-fruit-vegetable-sector-2021,/resources/local-consumption-trends
/blog/sustainable-agrotech-startups-2021,/resources/start-ups-and-agro-industry
/blog/the-difference-between-food-loss-and-food-waste,/resources/food-waste-and-losses
/blog/how-to-save-water-in-agriculture,/resources/climate-and-resilience-working-for-the-future-ofagriculture
/blog/advantages-and-disadvantages-of-local-fruits-and-vegetables,/resources/local-consumption-trends
/blog/innovations-in-the-fruit-and-vegetable-sector-in-2021,/resources/digital-agriculture-and-innovation
/blog/avoiding-food-loss-for-a-fruits-and-vegetables-business,/resources/food-waste-and-losses
/blog/imperfect-fruits-and-vegetables-the-flavor-is-on-the-inside,/resources/non-standard-products-a-wasted-source-of-value
/blog/the-circular-economy-in-the-fruit-and-vegetable-sector,/resources/the-circular-economy-in-the-fruit-and-vegetable-sector
/blog/the-digitization-of-the-fruits-and-vegetables-industry-due-to-covid-19,/resources/digital-transformation-more-than-a-trend-a-priority
/blog/modernization-of-cooperatives-thanks-to-rfid-technology,/resources/transformation-digital-cooperatives
/blog/innovation-areas-agri-food-indstry,/resources/innovation-areas-agri-food-indstry
/blog/logistics-challenges-retail-industry,/resources/logistics-challenges-retail-industry
/blog/transformation-digital-cooperatives,/resources/transformation-digital-cooperatives
/blog/technology-traceability-blockchain,/resources/technology-traceability-blockchain
/blog/technology-traceability-sensors,/resources/technology-traceability-sensors
/blog/technologie-tracabilite-capteurs,/resources/technology-traceability-sensors
/blog/technologie-tracabilite-blockchain,/resources/technology-traceability-blockchain
/blog/transformation-cooperatives-numeriques,/resources/transformation-digital-cooperatives
/blog/defis-logistiques-industrie-fruits-legumes,/resources/logistics-challenges-retail-industry
/blog/domaines-innovation-industrie-agroalimentaire,/resources/innovation-areas-agri-food-indstry
/blog/economie-circulaire-dans-industrie-fruits-legumes,/resources/the-circular-economy-in-the-fruit-and-vegetable-sector
/blog/our-customer-portfolio-has-increased-significantly,/resources/our-customer-portfolio-has-increased-significantly
/blog/the-introduction-of-consentio-has-positioned-us-as-a-cutting-edge-leader-in-the-industry-discover-alsum-farms-produces-testimonial,/resources/the-introduction-of-consentio-has-positioned-us-as-a-cutting-edge-leader-in-the-industry-discover-alsum-farms-produces-testimonial
/blog/coffee-between-daily-pleasure-and-global-impact,/resources/coffee-between-daily-pleasure-and-global-impact
/contenthub/how-sourcing-is-key-to-the-success-of-the-fruit-veg-department,/resources/how-sourcing-is-key-to-the-success-of-the-fruit-veg-department
/contenthub/sales-still-often-involve-a-lot-of-communication-and-it-all-takes-time,/resources/sales-still-often-involve-a-lot-of-communication-and-it-all-takes-time
/contenthub/third-competition-for-the-most-beautiful-fruit-vegetable-shelf,/resources/third-competition-for-the-most-beautiful-fruit-vegetable-shelf
/contenthub/digital-transformation-more-than-a-trend-a-priority,/resources/digital-transformation-more-than-a-trend-a-priority
/contenthub/in-2023-consentio-enjoyed-many-successes-and-learnt-some-valuable-lessons-too-paving-the-way-for-a-promising-future,/resources/in-2023-consentio-enjoyed-many-successes-and-learnt-some-valuable-lessons-too-paving-the-way-for-a-promising-future
/contenthub/embracing-digitalization-means-valuing-people,/resources/embracing-digitalization-means-valuing-people
/contenthub/business-digitalization-why-outsource,/resources/business-digitalization-why-outsource
/contenthub/digitalization-at-the-heart-of-company-strategy,/resources/digitalization-at-the-heart-of-company-strategy
/contenthub/behind-the-screen-at-consentio,/resources/behind-the-screen-at-consentio
/contenthub/fruits-vegetables-packaging-and-regulations,/resources/fruits-vegetables-packaging-and-regulations
/contenthub/selling-a-digital-solution-means-helping-our-customers-to-manage-change,/resources/selling-a-digital-solution-means-helping-our-customers-to-manage-change
/contenthub/online-buying-and-selling-of-fresh-produce-aims-to-reduce-food-waste,/resources/online-buying-and-selling-of-fresh-produce-aims-to-reduce-food-waste
/contenthub/why-take-an-interest-in-sustainability-data,/resources/why-take-an-interest-in-sustainability-data
/contenthub/consentio-achieved-the-iso-27001-certification,/resources/consentio-achieved-the-iso-27001-certification
/contenthub/food-waste-the-big-deal,/resources/food-waste-the-big-deal
/contenthub/the-people-behind-consentio,/resources/the-people-behind-consentio
/contenthub/fresh-produce-supply-chains-why-automate,/resources/fresh-produce-supply-chains-why-automate
/contenthub/the-important-role-of-the-department-manager,/resources/the-important-role-of-the-department-manager
/contenthub/ensuring-business-continuity-the-importance-of-technological-solutions,/resources/consentio-achieved-the-iso-27001-certification
/contenthub/thirsty-crops-how-the-global-water-shortage-is-changing-the-food-value-chain,/resources/climate-and-resilience-working-for-the-future-ofagriculture
/contenthub/eyeing-the-future-of-the-global-food-waste-problem,/resources/food-waste-the-big-deal
/contenthub/innovation-in-fruits-and-vegetables,/resources/digital-agriculture-and-innovation
/contenthub/modern-problems-need-modern-solutions-for-fresh-produce-growers,/resources/fresh-produce-supply-chains-why-automate
/contenthub/sustainable-agricultural-practices-horticultural-grafting,/resources/climate-and-resilience-working-for-the-future-ofagriculture
/contenthub/what-is-sustainable-agriculture,/resources/climate-and-resilience-working-for-the-future-ofagriculture
/contenthub/distinct-opportunities-only-found-food-supply-chain,/resources/fresh-food-supply-chain-challenges
/contenthub/environmental-impact-digitization-sustainability-along-fresh-produce-supply-chain,/resources/why-take-an-interest-in-sustainability-data
/contenthub/sustainable-agrotech-startups-2021,/resources/start-ups-and-agro-industry
/contenthub/the-difference-between-food-loss-and-food-waste,/resources/food-waste-and-losses
/contenthub/how-to-save-water-in-agriculture,/resources/climate-and-resilience-working-for-the-future-ofagriculture
/contenthub/advantages-and-disadvantages-of-local-fruits-and-vegetables,/resources/local-consumption-trends
/contenthub/innovations-in-the-fruit-and-vegetable-sector-in-2021,/resources/digital-agriculture-and-innovation
/contenthub/avoiding-food-loss-for-a-fruits-and-vegetables-business,/resources/food-waste-and-losses
/contenthub/imperfect-fruits-and-vegetables-the-flavor-is-on-the-inside,/resources/non-standard-products-a-wasted-source-of-value
/contenthub/the-circular-economy-in-the-fruit-and-vegetable-sector,/resources/the-circular-economy-in-the-fruit-and-vegetable-sector
/contenthub/modernization-of-cooperatives-thanks-to-rfid-technology,/resources/transformation-digital-cooperatives
/contenthub/technology-traceability-sensors,/resources/technology-traceability-sensors
/contenthub/technology-traceability-blockchain,/resources/technology-traceability-blockchain
/contenthub/transformation-digital-cooperatives,/resources/transformation-digital-cooperatives
/contenthub/logistics-challenges-retail-industry,/resources/logistics-challenges-retail-industry
/contenthub/innovation-areas-agri-food-indstry,/resources/innovation-areas-agri-food-indstry
/use/saving-20-hours-per-week-thanks-to-order-automation-with-coast-tropical,/customer-stories/coast-tropical-order-automation
/use/lagadec-primeurs-takes-on-the-challenge-of-modernizing-its-communication-with-customers,/customer-stories/lagadec-primeurs-customer-communication
/use/use-case-1,/customer-stories/anecoop-order-profitability
/ebook/optimize-the-management-of-your-fruits-and-vegetables-section,/resources/the-important-role-of-the-department-manager
/blog/(.*),/resources
/contenthub/(.*),/resources
/blog-posts-only-es/(.*),/resources
/podcasts/(.*),/resources
/ebook/(.*),/resources
/webinar/(.*),/resources
/new-feature/(.*),/resources
/use/(.*),/customer-stories
/media/(.*),/company/about-us
/team/(.*),/company/about-us
/jobs-listing/(.*),/company/about-us
/office-locations/(.*),/company/about-us
/integrations/(.*),/suppliers
/integrations-categories/(.*),/suppliers
/banner/(.*),/
/logos-fruit-attraction/(.*),/
/landing-page-logos/(.*),/
/fruit-attraction/(.*),/
/team-in-fruit-a-south-summit/(.*),/
/categorias-kit-digital/(.*),/
