/en/articles/seaview-la-durabilite-selon-estelle-soulet-programme-mr-goodfish,https://consentio.co/resources/sustainability-within-the-sea-sector
/en/articles/quand-les-start-ups-mettent-l-agro-industrie-en-ebullition,https://consentio.co/resources/start-ups-and-agro-industry
/en/articles/focus-on-seafood-labels,https://consentio.co/resources/labels-of-the-sea-sector
/en/articles/les-technologies-4-0-dans-la-filiere-des-produits-aquatiques,https://consentio.co/resources/aquimer-webinar-4-0-technologies
/en/articles/seaview-2-boulogne-sur-mer-1er-port-de-peche-de-france-une-modernisation-au-fil-du-temps,https://consentio.co/resources/modernization-port-boulogne-sur-mer
/en/articles/traceability-of-sea-products-in-retail,https://consentio.co/resources/traceability-in-retail
/en/articles/local-consumption-new-trend,https://consentio.co/resources/local-consumption-trends
/en/articles/digitalization-future-of-procurement,https://consentio.co/resources/buyer-supplier-relations
/en/articles/CSR-retail-sector,https://consentio.co/resources/csr-in-retail
/en/articles/la-resilience-alimentaire-le-cnra-vous-explique,https://consentio.co/resources/food-resilience-cnra
/en/articles/loi-egalim-quelles-nouveautes-pour-2022,https://consentio.co/resources/egalim-law-2022
/en/articles/agriculture-numerique-agtech-innovation-filiere-rapport-minsitere-agriculture-alimentation,https://consentio.co/resources/digital-agriculture-and-innovation
/en/articles/l-edi-un-tremplin-pour-votre-performance-achats,https://consentio.co/resources/edi-and-procurement-performance
/en/articles/edi-for-whom,https://consentio.co/resources/edi-for-whom-for-what-how
/en/articles/joining-gs1-a-must,https://consentio.co/resources/joining-gs1-a-must
/en/articles/food-waste-and-losses,https://consentio.co/resources/food-waste-and-losses
/en/articles/procsea-becomes-klarys,https://consentio.co/resources/procsea-becomes-klarys
/en/articles/fresh-food-6-major-supply-chain-challenges,https://consentio.co/resources/fresh-food-supply-chain-challenges
/en/articles/carbon-footprint-food-waste-traceability-csr-imperatives-of-fresh-food-industry,https://consentio.co/resources/csr-imperatives-fresh-food
/en/articles/loi-de-finances-2024-pourquoi-la-grande-distribution-doit-d-urgence-s-attaquer-a-l-e-facturation,https://consentio.co/resources/finance-law-2024-e-invoicing
/en/articles/common-standard-fresh-food,https://consentio.co/resources/common-standard-fresh-food
/en/case-studies/manor-seafood-digitalization,https://consentio.co/customer-stories/manor
/en/clients/case-study-mytilimer-eprocurement,https://consentio.co/customer-stories/mytilimer-eprocurement-mussel-producers
